{
  "talents": [
    {
      "id": "yasbiuycdbucoiuscboiucsiousc!@",
      "email": "galina@cimpric.rs",
      "password": "pass",
      "name": {
        "firstName": "Galina",
        "lastName": "Cimpriç",
        "middleName": ""
      },
      "gender": "FEMALE",
      "profilePic": "https://www.unitex.com/wp-content/uploads/2018/04/Unitex-Nursing-Shortage-1.jpg",
      "profession": "NURSE",
      "address": {
        "city": "Beograd",
        "postalCode": 101801,
        "isoCode": "SRB"
      },
      "description": "Lorem ipsum dolor sit amet, consectetur adipiscing elit. Nunc facilisis ac turpis vitae commodo. Suspendisse risus ante, pretium sit amet volutpat eu, iaculis vitae dolor. Etiam dictum ex eget magna feugiat, et suscipit justo tincidunt. Vestibulum ac justo sed est venenatis maximus nec non dolor. Aliquam non felis maximus, luctus purus non, sodales elit. Etiam quis cursus turpis, sit amet feugiat est. Donec maximus at erat id fringilla. Integer eget orci quis ex vestibulum vehicula. Phasellus consectetur leo ut orci feugiat posuere sit amet in sapien. Vivamus condimentum pharetra risus, sit amet commodo augue. Donec ultrices risus diam, quis lacinia lacus aliquet eu. Morbi hendrerit, dui ut mollis vulputate, mi ex tristique lectus, ut vulputate nibh dolor eu augue. Phasellus id sapien non nunc posuere tempor malesuada quis sapien. Proin venenatis finibus erat, in vestibulum lacus dignissim quis. Quisque eget venenatis dui. Sed luctus, nisi at dapibus facilisis, turpis metus.",
      "experiences": [
        {
          "id": 1,
          "talent": "yasbiuycdbucoiuscboiucsiousc!@",
          "title": "Internship",
          "lineOfWork": "NURSE",
          "employer": "iasuxoaiubcoaiudbci",
          "duration": {
            "from": {
              "timeStamp": 1546336800
            },
            "to": {
              "timeStamp": 1549015200
            }
          },
          "description": "Lorem ipsum dolor sit amet, consectetur adipiscing elit. Fusce arcu odio, mollis consectetur mollis sed, blandit laoreet mi. Aliquam pellentesque maximus ipsum id tincidunt. Donec id mattis dolor. Cras eget nibh dolor. Proin suscipit aliquam turpis nec commodo. Duis mattis accumsan pulvinar. Duis convallis lorem arcu, id condimentum mi fermentum."
        },
        {
          "id": 2,
          "talent": "yasbiuycdbucoiuscboiucsiousc!@",
          "title": "Bring your kid to work day",
          "lineOfWork": "DOCTOR",
          "employer": "iasuxoaiubcoaiudbci",
          "duration": {
            "from": {
              "timeStamp": 1433145600
            },
            "to": {
              "timeStamp": 1433160000
            }
          },
          "description": "Lorem ipsum dolor sit amet, consectetur adipiscing elit. Fusce arcu odio, mollis consectetur mollis sed, blandit laoreet mi. Aliquam pellentesque maximus ipsum id tincidunt. Donec id mattis dolor. Cras eget nibh dolor. Proin suscipit aliquam turpis nec commodo. Duis mattis accumsan pulvinar. Duis convallis lorem arcu, id condimentum mi fermentum."
        }
      ],
      "qualifications": [
        {
          "id": 1,
          "talent": "yasbiuycdbucoiuscboiucsiousc!@",
          "fieldOfEducation": "Nursing",
          "degree": "Certificate of Nursing",
          "institution": "isbdiusdbcsd",
          "duration": {
            "from": 1506852000,
            "to": 1533060000
          },
          "description": "Lorem ipsum dolor sit amet, consectetur adipiscing elit. Nunc facilisis ac turpis vitae commodo. Suspendisse risus ante, pretium sit amet volutpat eu, iaculis vitae dolor. Etiam dictum ex eget magna feugiat, et suscipit justo tincidunt. Vestibulum ac justo sed est venenatis maximus nec non dolor. Aliquam non felis maximus, luctus purus non, sodales elit. Etiam quis cursus turpis, sit amet feugiat est. Donec maximus at erat id fringilla. Integer eget orci quis ex vestibulum vehicula. Phasellus consectetur leo ut orci feugiat posuere sit amet in sapien. Vivamus condimentum pharetra risus, sit amet commodo augue. Donec ultrices risus diam, quis lacinia lacus aliquet eu. Morbi hendrerit, dui ut mollis vulputate, mi ex tristique lectus, ut vulputate nibh dolor eu augue. Phasellus id sapien non nunc posuere tempor malesuada quis sapien. Proin venenatis finibus erat, in vestibulum lacus dignissim quis. Quisque eget venenatis dui. Sed luctus, nisi at dapibus facilisis, turpis metus."
        }
      ],
      "approbations": [
        {
          "id": 1,
          "talent": "yasbiuycdbucoiuscboiucsiousc!@",
          "status": "ONGOING",
          "state": "RP"
        }
      ],
      "documents": [],
      "languages": [
        {
          "id": 1,
          "talent": "yasbiuycdbucoiuscboiucsiousc!@",
          "language": "Serbian",
          "level": "MOTHER_TONGUE"
        },
        {
          "id": 2,
          "talent": "yasbiuycdbucoiuscboiucsiousc!@",
          "language": "German",
          "level": "BASIC"
        }
      ],
      "otherSkills": [
        {
          "id": 1,
          "talent": "yasbiuycdbucoiuscboiucsiousc!@",
          "name": "Old People",
          "level": "MASTER",
          "description": "Lorem ipsum dolor sit amet, consectetur adipiscing elit. Nunc facilisis ac turpis vitae commodo. Suspendisse risus ante, pretium sit amet volutpat eu, iaculis vitae dolor. Etiam dictum ex eget magna feugiat, et suscipit justo tincidunt. Vestibulum ac justo sed est venenatis maximus nec non dolor. Aliquam non felis maximus, luctus purus non, sodales elit. Etiam quis cursus turpis, sit amet feugiat est. Donec maximus at erat id fringilla. Integer eget orci quis ex vestibulum vehicula. Phasellus consectetur leo ut orci feugiat posuere sit amet in sapien. Vivamus condimentum pharetra risus, sit amet commodo augue. Donec ultrices risus diam, quis lacinia lacus aliquet eu. Morbi hendrerit, dui ut mollis vulputate, mi ex tristique lectus, ut vulputate nibh dolor eu augue. Phasellus id sapien non nunc posuere tempor malesuada quis sapien. Proin venenatis finibus erat, in vestibulum lacus dignissim quis. Quisque eget venenatis dui. Sed luctus, nisi at dapibus facilisis, turpis metus."
        }
      ]
    }
  ],
  "employers": [],
  "organizations": [
    {
      "id": "iasuxoaiubcoaiudbci",
      "name": "Clinical Center of Serbia",
      "address": {
        "street": "Pasterova",
        "streetNo": "2",
        "city": "Belgrade",
        "postalCode": "11000",
        "isoCode": "SRB"
      }
    },
    {
      "id": "iasuxoaiubcoaiudbci",
      "name": "Sante Plus Hospitals Belgrade",
      "address": {
        "street": "Kralja Milutina",
        "streetNo": "40",
        "city": "Belgrade",
        "isoCode": "SRB"
      }
    },
    {
      "id": "isbdiusdbcsd",
      "name": "Srednja medicinska škola Milutin Milanković",
      "address": {
        "street": "Crnotravska",
        "streetNo": "27",
        "city": "Belgrade",
        "isoCode": "SRB"
      }
    }
  ]
}